StudentID,StudyHours,Attendance,Marks,Performance,EffortScore
1,6.0,81.0,59.0,Needs Improvement,486.0
2,4.7,76.0,73.0,Good,357.2
3,6.3,81.0,62.0,Good,510.3
4,8.0,85.0,66.0,Good,680.0
5,0.5,80.0,70.06347826086956,Good,40.0
6,4.5,80.0,90.0,Excellent,360.0
7,8.2,73.0,51.0,Needs Improvement,598.5999999999999
8,6.5,73.0,70.06347826086956,Good,474.5
9,4.1,66.0,82.0,Excellent,270.59999999999997
10,6.1,97.0,53.0,Needs Improvement,591.6999999999999
11,4.1,68.0,82.0,Excellent,278.79999999999995
12,4.1,73.0,93.0,Excellent,299.29999999999995
13,5.5,73.0,53.0,Needs Improvement,401.5
14,1.2,89.0,56.0,Needs Improvement,106.8
15,1.6,77.0,85.0,Excellent,123.2
16,3.9,92.0,74.0,Good,358.8
17,3.0,73.0,78.0,Good,219.0
18,5.6,83.0,75.0,Good,464.79999999999995
19,3.2,72.0,76.0,Good,230.4
20,2.2,100.0,50.0,Needs Improvement,220.00000000000003
21,7.9,68.0,86.0,Excellent,537.2
22,4.5,83.0,88.0,Excellent,373.5
23,5.1,86.0,67.0,Good,438.59999999999997
24,2.2,84.0,69.0,Good,184.8
25,3.9,78.0,47.0,Needs Improvement,304.2
26,5.2,79.0,78.0,Good,410.8
27,2.7,80.0,79.0,Good,216.0
28,5.8,79.0,69.0,Good,458.2
29,3.8,90.0,87.0,Excellent,342.0
30,4.4,100.0,65.0,Good,440.00000000000006
31,5.1,74.0,78.0,Good,377.4
32,8.7,66.0,55.0,Needs Improvement,574.1999999999999
33,5.0,79.0,70.0,Good,395.0
34,2.9,100.0,67.0,Good,290.0
35,6.6,72.0,70.06347826086956,Good,475.2
36,2.6,96.0,64.0,Good,249.60000000000002
37,5.4,97.0,68.0,Good,523.8000000000001
38,5.1,74.0,82.0,Excellent,377.4
39,2.3,86.0,63.0,Good,197.79999999999998
40,5.4,96.0,46.0,Needs Improvement,518.4000000000001
41,6.5,76.0,96.0,Excellent,494.0
42,5.3,78.0,91.0,Excellent,413.4
43,4.8,74.0,51.0,Needs Improvement,355.2
44,4.4,70.0,80.0,Excellent,308.0
45,2.0,74.0,62.0,Good,148.0
46,3.6,68.0,74.0,Good,244.8
47,4.1,80.0,74.0,Good,328.0
48,7.1,72.0,66.0,Good,511.2
49,5.7,82.0,58.0,Needs Improvement,467.40000000000003
50,1.5,64.0,60.0,Good,96.0
51,5.6,83.0,56.0,Needs Improvement,464.79999999999995
52,4.2,88.0,58.0,Needs Improvement,369.6
53,5.1,60.0,69.0,Good,306.0
54,6.2,84.0,59.0,Needs Improvement,520.8000000000001
55,7.1,92.0,80.0,Excellent,653.1999999999999
56,6.9,68.0,92.0,Excellent,469.20000000000005
57,3.3,97.0,61.0,Good,320.09999999999997
58,4.4,84.0,74.0,Good,369.6
59,5.7,73.0,77.0,Good,416.1
60,7.0,79.0,77.0,Good,553.0
61,4.0,86.0,71.0,Good,344.0
62,4.6,81.0,81.0,Excellent,372.59999999999997
63,2.8,85.0,77.0,Good,237.99999999999997
64,2.6,71.0,51.0,Needs Improvement,184.6
65,6.6,82.0,83.0,Excellent,541.1999999999999
66,7.7,66.0,83.0,Excellent,508.2
67,4.9,79.0,59.0,Needs Improvement,387.1
68,7.0,71.0,71.0,Good,497.0
69,5.7,73.0,80.0,Excellent,416.1
70,3.7,92.0,67.0,Good,340.40000000000003
71,5.7,91.0,86.0,Excellent,518.7
72,8.1,86.0,70.06347826086956,Good,696.6
73,4.9,69.0,58.0,Needs Improvement,338.1
74,8.1,77.0,49.0,Needs Improvement,623.6999999999999
75,0.0,92.0,75.0,Good,0.0
76,6.6,81.0,81.0,Excellent,534.6
77,5.2,100.0,67.0,Good,520.0
78,4.4,84.0,92.0,Excellent,369.6
79,5.2,82.0,50.0,Needs Improvement,426.40000000000003
80,1.0,77.0,80.0,Excellent,77.0
81,4.6,81.0,61.0,Good,372.59999999999997
82,5.7,78.0,96.0,Excellent,444.6
83,8.0,87.0,100.0,Excellent,696.0
84,4.0,90.0,59.0,Needs Improvement,360.0
85,3.4,72.0,62.0,Good,244.79999999999998
86,4.0,67.0,83.0,Excellent,268.0
87,6.8,62.0,64.0,Good,421.59999999999997
88,5.7,85.0,69.0,Good,484.5
89,3.9,69.0,70.0,Good,269.09999999999997
90,6.0,58.0,41.0,Needs Improvement,348.0
91,5.1,84.0,70.0,Good,428.4
92,6.9,100.0,60.0,Good,690.0
93,3.6,80.0,63.0,Good,288.0
94,4.3,88.0,92.0,Excellent,378.4
95,4.2,81.0,51.0,Needs Improvement,340.2
96,2.1,79.0,82.0,Excellent,165.9
97,5.6,89.0,66.0,Good,498.4
98,15.0,77.0,10.0,Needs Improvement,1155.0
99,5.0,83.0,82.0,Excellent,415.0
100,4.5,83.0,75.0,Good,373.5
101,2.2,73.0,79.0,Good,160.60000000000002
102,4.2,90.0,85.0,Excellent,378.0
103,4.3,78.0,65.0,Good,335.4
104,3.4,72.0,61.0,Good,244.79999999999998
105,4.7,85.0,54.0,Needs Improvement,399.5
106,5.8,71.0,58.0,Needs Improvement,411.8
107,8.8,80.0,70.06347826086956,Good,704.0
108,5.3,80.0,89.0,Excellent,424.0
109,5.5,91.0,50.0,Needs Improvement,500.5
110,4.9,85.0,50.0,Needs Improvement,416.50000000000006
111,1.2,80.0,70.06347826086956,Good,96.0
112,4.9,88.0,78.0,Good,431.20000000000005
113,5.1,94.0,70.06347826086956,Good,479.4
114,9.9,86.0,66.0,Good,851.4
115,4.6,80.0,68.0,Good,368.0
116,5.6,67.0,75.0,Good,375.2
117,4.9,69.0,71.0,Good,338.1
118,2.7,77.0,37.0,Needs Improvement,207.9
119,7.3,74.0,67.0,Good,540.1999999999999
120,6.5,78.0,57.0,Needs Improvement,507.0
121,0.0,81.0,10.0,Needs Improvement,0.0
122,3.2,85.0,70.06347826086956,Good,272.0
123,7.8,79.0,76.0,Good,616.1999999999999
124,0.0,85.0,70.06347826086956,Good,0.0
125,6.2,81.0,84.0,Excellent,502.2
126,9.4,60.0,77.0,Good,564.0
127,3.0,71.0,76.0,Good,213.0
128,3.9,79.0,79.0,Good,308.09999999999997
129,5.2,68.0,70.06347826086956,Good,353.6
130,4.0,86.0,53.0,Needs Improvement,344.0
131,1.9,95.0,77.0,Good,180.5
132,5.1,92.0,56.0,Needs Improvement,469.2
133,5.1,78.0,78.0,Good,397.79999999999995
134,5.9,95.0,56.0,Needs Improvement,560.5
135,15.0,81.0,20.0,Needs Improvement,1215.0
136,8.1,77.0,66.0,Good,623.6999999999999
137,3.4,74.0,85.0,Excellent,251.6
138,4.4,77.0,84.0,Excellent,338.8
139,6.6,76.0,51.0,Needs Improvement,501.59999999999997
140,2.5,82.0,71.0,Good,205.0
141,5.5,82.0,59.0,Needs Improvement,451.0
142,7.6,80.0,51.0,Needs Improvement,608.0
143,1.8,84.0,67.0,Good,151.20000000000002
144,5.4,92.0,65.0,Good,496.8
145,5.5,89.0,70.06347826086956,Good,489.5
146,6.6,65.0,76.0,Good,429.0
147,2.5,54.0,49.0,Needs Improvement,135.0
148,2.4,89.0,62.0,Good,213.6
149,6.0,66.0,85.0,Excellent,396.0
150,5.6,78.0,70.06347826086956,Good,436.79999999999995
151,5.5,68.0,46.0,Needs Improvement,374.0
152,5.7,62.0,42.0,Needs Improvement,353.40000000000003
153,3.6,85.0,98.0,Excellent,306.0
154,5.5,88.0,76.0,Good,484.0
155,5.6,74.0,57.0,Needs Improvement,414.4
156,3.6,54.0,78.0,Good,194.4
157,8.7,75.0,30.0,Needs Improvement,652.5
158,5.9,84.0,70.0,Good,495.6
159,2.6,65.0,75.0,Good,169.0
160,5.1,82.0,70.06347826086956,Good,418.2
161,3.1,80.0,55.0,Needs Improvement,248.0
162,6.6,86.0,71.0,Good,567.6
163,5.1,81.0,56.0,Needs Improvement,413.09999999999997
164,3.4,70.0,74.0,Good,238.0
165,6.9,92.0,57.0,Needs Improvement,634.8000000000001
166,5.8,78.0,64.0,Good,452.4
167,6.6,80.0,55.0,Needs Improvement,528.0
168,8.8,71.0,80.0,Excellent,624.8000000000001
169,4.5,76.0,83.0,Excellent,342.0
170,3.5,71.0,66.0,Good,248.5
171,3.2,78.0,71.0,Good,249.60000000000002
172,3.4,97.0,48.0,Needs Improvement,329.8
173,4.8,66.0,66.0,Good,316.8
174,5.7,64.0,69.0,Good,364.8
175,5.6,95.0,70.06347826086956,Good,532.0
176,6.7,78.0,53.0,Needs Improvement,522.6
177,5.0,73.0,70.06347826086956,Good,365.0
178,7.9,90.0,85.0,Excellent,711.0
179,4.5,74.0,74.0,Good,333.0
180,10.4,98.0,96.0,Excellent,1019.2
181,6.3,87.0,76.0,Good,548.1
182,3.3,75.0,76.0,Good,247.5
183,2.9,100.0,69.0,Good,290.0
184,6.0,74.0,88.0,Excellent,444.0
185,4.6,87.0,86.0,Excellent,400.2
186,6.4,83.0,61.0,Good,531.2
187,5.9,93.0,50.0,Needs Improvement,548.7
188,4.9,96.0,67.0,Good,470.40000000000003
189,3.3,80.0,58.0,Needs Improvement,264.0
190,2.0,72.0,70.06347826086956,Good,144.0
191,4.1,85.0,89.0,Excellent,348.49999999999994
192,6.7,73.0,63.0,Good,489.1
193,5.4,100.0,69.0,Good,540.0
194,2.5,81.0,71.0,Good,202.5
195,5.3,76.0,83.0,Excellent,402.8
196,5.8,82.0,36.0,Needs Improvement,475.59999999999997
197,3.2,67.0,61.0,Good,214.4
198,5.3,70.0,73.0,Good,371.0
199,5.1,92.0,88.0,Excellent,469.2
200,2.7,73.0,63.0,Good,197.10000000000002
201,5.7,70.0,42.0,Needs Improvement,399.0
202,6.1,85.0,79.0,Good,518.5
203,7.2,92.0,60.0,Good,662.4
204,7.1,87.0,52.0,Needs Improvement,617.6999999999999
205,2.2,90.0,61.0,Good,198.00000000000003
206,3.1,72.0,70.06347826086956,Good,223.20000000000002
207,6.0,66.0,61.0,Good,396.0
208,6.0,95.0,37.0,Needs Improvement,570.0
209,6.0,77.0,83.0,Excellent,462.0
210,12.7,77.0,89.0,Excellent,977.9
211,6.1,93.0,80.0,Excellent,567.3
212,7.3,86.0,53.0,Needs Improvement,627.8
213,6.9,85.0,67.0,Good,586.5
214,6.3,100.0,70.0,Good,630.0
215,4.4,74.0,79.0,Good,325.6
216,6.5,89.0,80.0,Excellent,578.5
217,3.5,81.0,59.0,Needs Improvement,283.5
218,4.5,83.0,71.0,Good,373.5
219,4.0,95.0,77.0,Good,380.0
220,5.2,85.0,92.0,Excellent,442.0
221,9.6,85.0,81.0,Excellent,816.0
222,1.3,91.0,82.0,Excellent,118.3
223,5.1,76.0,71.0,Good,387.59999999999997
224,1.8,72.0,91.0,Excellent,129.6
225,4.1,70.0,76.0,Good,287.0
226,7.2,60.0,57.0,Needs Improvement,432.0
227,5.1,100.0,91.0,Excellent,509.99999999999994
228,2.8,69.0,80.0,Excellent,193.2
229,3.6,78.0,63.0,Good,280.8
230,6.4,77.0,63.0,Good,492.8
231,3.5,83.0,74.0,Good,290.5
232,5.4,88.0,77.0,Good,475.20000000000005
233,5.1,89.0,73.0,Good,453.9
234,3.7,74.0,75.0,Good,273.8
235,9.3,78.0,95.0,Excellent,725.4000000000001
236,6.3,83.0,86.0,Excellent,522.9
237,0.9,78.0,73.0,Good,70.2
238,5.4,96.0,84.0,Excellent,518.4000000000001
239,3.7,85.0,55.0,Needs Improvement,314.5
240,6.7,87.0,76.0,Good,582.9
241,3.4,87.0,97.0,Excellent,295.8
242,4.8,92.0,70.06347826086956,Good,441.59999999999997
243,6.0,82.0,57.0,Needs Improvement,492.0
244,6.7,67.0,60.0,Good,448.90000000000003
245,2.6,84.0,54.0,Needs Improvement,218.4
246,4.3,73.0,58.0,Needs Improvement,313.9
247,4.1,75.0,64.0,Good,307.5
248,3.7,86.0,49.0,Needs Improvement,318.2
249,5.1,92.0,70.0,Good,469.2
250,5.8,80.0,84.0,Excellent,464.0
251,2.5,83.0,56.0,Needs Improvement,207.5
252,6.8,97.0,93.0,Excellent,659.6
253,9.2,82.0,78.0,Good,754.4
254,7.1,100.0,85.0,Excellent,710.0
255,2.0,86.0,60.0,Good,172.0
256,4.0,62.0,83.0,Excellent,248.0
257,7.5,88.0,54.0,Needs Improvement,660.0
258,3.6,84.0,83.0,Excellent,302.40000000000003
259,5.9,93.0,73.0,Good,548.7
260,6.5,87.0,78.0,Good,565.5
261,3.1,79.0,52.0,Needs Improvement,244.9
262,4.9,68.0,57.0,Needs Improvement,333.20000000000005
263,0.0,78.0,79.0,Good,0.0
264,5.1,71.0,56.0,Needs Improvement,362.09999999999997
265,4.5,74.0,77.0,Good,333.0
266,2.5,86.0,49.0,Needs Improvement,215.0
267,8.3,97.0,83.0,Excellent,805.1
268,2.1,84.0,52.0,Needs Improvement,176.4
269,15.0,68.0,20.0,Needs Improvement,1020.0
270,5.3,84.0,79.0,Good,445.2
271,7.9,92.0,60.0,Good,726.8000000000001
272,5.1,74.0,79.0,Good,377.4
273,7.3,79.0,74.0,Good,576.6999999999999
274,5.0,80.0,70.06347826086956,Good,400.0
275,3.0,72.0,55.0,Needs Improvement,216.0
276,5.9,86.0,41.0,Needs Improvement,507.40000000000003
277,5.4,79.0,75.0,Good,426.6
278,3.8,84.0,47.0,Needs Improvement,319.2
279,5.1,71.0,71.0,Good,362.09999999999997
280,4.2,76.0,66.0,Good,319.2
281,5.2,87.0,80.0,Excellent,452.40000000000003
282,6.3,76.0,65.0,Good,478.8
283,8.2,97.0,65.0,Good,795.4
284,2.5,76.0,81.0,Excellent,190.0
285,9.3,82.0,75.0,Good,762.6
286,1.1,89.0,75.0,Good,97.9
287,4.7,66.0,77.0,Good,310.2
288,6.2,62.0,47.0,Needs Improvement,384.40000000000003
289,5.6,65.0,81.0,Excellent,364.0
290,3.8,93.0,79.0,Good,353.4
291,4.6,74.0,55.0,Needs Improvement,340.4
292,4.0,100.0,66.0,Good,400.0
293,3.8,74.0,69.0,Good,281.2
294,6.7,82.0,68.0,Good,549.4
295,5.7,95.0,75.0,Good,541.5
296,3.6,100.0,91.0,Excellent,360.0
297,6.8,100.0,86.0,Excellent,680.0
298,5.6,92.0,50.0,Needs Improvement,515.1999999999999
299,6.6,90.0,79.0,Good,594.0
300,0.5,86.0,70.06347826086956,Good,43.0
301,3.3,88.0,70.06347826086956,Good,290.4
302,3.9,74.0,86.0,Excellent,288.59999999999997
303,5.1,72.0,100.0,Excellent,367.2
304,6.2,80.0,85.0,Excellent,496.0
305,5.1,78.0,70.06347826086956,Good,397.79999999999995
306,5.2,75.0,86.0,Excellent,390.0
307,7.6,87.0,72.0,Good,661.1999999999999
308,3.8,90.0,70.0,Good,342.0
309,6.1,81.0,65.0,Good,494.09999999999997
310,4.6,95.0,93.0,Excellent,436.99999999999994
311,4.6,69.0,58.0,Needs Improvement,317.4
312,7.2,78.0,93.0,Excellent,561.6
313,6.7,73.0,77.0,Good,489.1
314,6.6,61.0,49.0,Needs Improvement,402.59999999999997
315,7.6,79.0,76.0,Good,600.4
316,5.0,79.0,38.0,Needs Improvement,395.0
317,6.4,95.0,79.0,Good,608.0
318,4.4,86.0,83.0,Excellent,378.40000000000003
319,5.6,70.0,61.0,Good,392.0
320,4.7,99.0,72.0,Good,465.3
321,5.2,92.0,99.0,Excellent,478.40000000000003
322,6.2,86.0,62.0,Good,533.2
323,3.4,78.0,54.0,Needs Improvement,265.2
324,9.2,70.0,92.0,Excellent,644.0
325,3.0,76.0,99.0,Excellent,228.0
326,2.6,91.0,70.0,Good,236.6
327,7.3,99.0,85.0,Excellent,722.6999999999999
328,6.6,95.0,90.0,Excellent,627.0
329,6.2,75.0,59.0,Needs Improvement,465.0
330,6.3,69.0,63.0,Good,434.7
331,5.0,81.0,88.0,Excellent,405.0
332,3.2,62.0,95.0,Excellent,198.4
333,5.2,83.0,78.0,Good,431.6
334,3.6,79.0,57.0,Needs Improvement,284.40000000000003
335,7.0,75.0,100.0,Excellent,525.0
336,4.7,64.0,62.0,Good,300.8
337,3.3,85.0,65.0,Good,280.5
338,4.4,75.0,75.0,Good,330.0
339,5.8,68.0,93.0,Excellent,394.4
340,3.9,51.0,83.0,Excellent,198.9
341,3.4,80.0,76.0,Good,272.0
342,5.5,98.0,77.0,Good,539.0
343,5.5,97.0,71.0,Good,533.5
344,4.0,75.0,78.0,Good,300.0
345,4.1,74.0,32.0,Needs Improvement,303.4
346,5.1,85.0,70.06347826086956,Good,433.49999999999994
347,2.1,70.0,74.0,Good,147.0
348,5.1,83.0,53.0,Needs Improvement,423.29999999999995
349,3.6,88.0,76.0,Good,316.8
350,4.6,92.0,67.0,Good,423.2
351,5.6,79.0,96.0,Excellent,442.4
352,8.0,78.0,94.0,Excellent,624.0
353,6.7,71.0,63.0,Good,475.7
354,4.7,72.0,68.0,Good,338.40000000000003
355,5.0,78.0,69.0,Good,390.0
356,3.0,84.0,63.0,Good,252.0
357,5.0,89.0,73.0,Good,445.0
358,4.4,72.0,59.0,Needs Improvement,316.8
359,5.6,95.0,53.0,Needs Improvement,532.0
360,3.3,77.0,70.06347826086956,Good,254.1
361,5.1,80.0,79.0,Good,408.0
362,8.1,73.0,58.0,Needs Improvement,591.3
363,4.8,56.0,83.0,Excellent,268.8
364,0.0,89.0,10.0,Needs Improvement,0.0
365,6.4,87.0,74.0,Good,556.8000000000001
366,4.2,77.0,82.0,Excellent,323.40000000000003
367,5.1,81.0,69.0,Good,413.09999999999997
368,5.0,85.0,77.0,Good,425.0
369,5.2,64.0,62.0,Good,332.8
370,3.5,75.0,67.0,Good,262.5
371,5.0,88.0,67.0,Good,440.0
372,6.0,67.0,59.0,Needs Improvement,402.0
373,7.9,83.0,67.0,Good,655.7
374,6.9,66.0,47.0,Needs Improvement,455.40000000000003
375,9.3,85.0,63.0,Good,790.5000000000001
376,3.5,80.0,66.0,Good,280.0
377,6.7,64.0,66.0,Good,428.8
378,5.4,92.0,66.0,Good,496.8
379,9.4,73.0,69.0,Good,686.2
380,3.4,72.0,77.0,Good,244.79999999999998
381,3.3,82.0,83.0,Excellent,270.59999999999997
382,3.8,91.0,60.0,Good,345.8
383,0.8,70.0,52.0,Needs Improvement,56.0
384,3.9,81.0,54.0,Needs Improvement,315.9
385,3.5,84.0,63.0,Good,294.0
386,5.3,87.0,65.0,Good,461.09999999999997
387,5.7,82.0,58.0,Needs Improvement,467.40000000000003
388,5.1,76.0,51.0,Needs Improvement,387.59999999999997
389,6.9,72.0,63.0,Good,496.8
390,3.8,81.0,73.0,Good,307.8
391,3.2,69.0,79.0,Good,220.8
392,6.0,51.0,62.0,Good,306.0
393,2.4,84.0,64.0,Good,201.6
394,8.7,89.0,56.0,Needs Improvement,774.3
395,5.1,56.0,70.0,Good,285.59999999999997
396,4.1,70.0,57.0,Needs Improvement,287.0
397,1.6,86.0,79.0,Good,137.6
398,7.7,100.0,43.0,Needs Improvement,770.0
399,4.8,80.0,65.0,Good,384.0
400,7.5,73.0,75.0,Good,547.5
401,1.8,78.0,73.0,Good,140.4
402,3.8,94.0,70.06347826086956,Good,357.2
403,5.0,74.0,75.0,Good,370.0
404,5.1,72.0,55.0,Needs Improvement,367.2
405,4.1,75.0,69.0,Good,307.5
406,6.2,70.0,43.0,Needs Improvement,434.0
407,2.9,81.0,69.0,Good,234.9
408,4.7,96.0,58.0,Needs Improvement,451.20000000000005
409,5.2,83.0,84.0,Excellent,431.6
410,6.0,77.0,70.06347826086956,Good,462.0
411,6.4,77.0,68.0,Good,492.8
412,2.8,64.0,60.0,Good,179.2
413,1.9,89.0,96.0,Excellent,169.1
414,7.6,79.0,65.0,Good,600.4
415,5.7,78.0,97.0,Excellent,444.6
416,5.1,100.0,82.0,Excellent,509.99999999999994
417,8.1,83.0,77.0,Good,672.3
418,5.2,72.0,76.0,Good,374.40000000000003
419,7.4,76.0,76.0,Good,562.4
420,5.1,91.0,70.06347826086956,Good,464.09999999999997
421,9.1,81.0,66.0,Good,737.1
422,8.5,66.0,83.0,Excellent,561.0
423,4.5,89.0,69.0,Good,400.5
424,6.9,73.0,49.0,Needs Improvement,503.70000000000005
425,6.3,99.0,69.0,Good,623.6999999999999
426,7.7,91.0,96.0,Excellent,700.7
427,3.1,76.0,89.0,Excellent,235.6
428,6.4,93.0,69.0,Good,595.2
429,7.1,81.0,84.0,Excellent,575.1
430,1.5,89.0,65.0,Good,133.5
431,2.6,85.0,44.0,Needs Improvement,221.0
432,5.1,72.0,56.0,Needs Improvement,367.2
433,4.5,74.0,93.0,Excellent,333.0
434,6.4,90.0,66.0,Good,576.0
435,8.0,77.0,66.0,Good,616.0
436,5.1,76.0,66.0,Good,387.59999999999997
437,8.3,70.0,99.0,Excellent,581.0
438,2.2,84.0,94.0,Excellent,184.8
439,1.6,100.0,70.06347826086956,Good,160.0
440,4.9,69.0,68.0,Good,338.1
441,5.8,80.0,74.0,Good,464.0
442,4.9,94.0,47.0,Needs Improvement,460.6
443,0.9,79.0,92.0,Excellent,71.10000000000001
444,4.8,85.0,52.0,Needs Improvement,408.0
445,2.4,69.0,73.0,Good,165.6
446,6.3,84.0,54.0,Needs Improvement,529.1999999999999
447,5.7,78.0,61.0,Good,444.6
448,3.1,90.0,57.0,Needs Improvement,279.0
449,4.0,92.0,61.0,Good,368.0
450,2.9,100.0,62.0,Good,290.0
451,4.9,86.0,62.0,Good,421.40000000000003
452,6.9,83.0,83.0,Excellent,572.7
453,3.0,82.0,53.0,Needs Improvement,246.0
454,6.0,76.0,73.0,Good,456.0
455,3.9,83.0,88.0,Excellent,323.7
456,3.4,77.0,62.0,Good,261.8
457,4.8,82.0,59.0,Needs Improvement,393.59999999999997
458,2.9,93.0,67.0,Good,269.7
459,3.9,70.0,70.06347826086956,Good,273.0
460,2.6,91.0,73.0,Good,236.6
461,8.9,93.0,62.0,Good,827.7
462,5.1,79.0,77.0,Good,402.9
463,3.6,59.0,53.0,Needs Improvement,212.4
464,5.4,74.0,80.0,Excellent,399.6
465,5.1,93.0,76.0,Good,474.29999999999995
466,4.6,80.0,65.0,Good,368.0
467,6.2,70.0,57.0,Needs Improvement,434.0
468,6.5,75.0,57.0,Needs Improvement,487.5
469,3.9,88.0,78.0,Good,343.2
470,3.8,85.0,88.0,Excellent,323.0
471,4.4,78.0,60.0,Good,343.20000000000005
472,0.0,76.0,70.06347826086956,Good,0.0
473,2.0,76.0,39.0,Needs Improvement,152.0
474,7.7,71.0,61.0,Good,546.7
475,8.3,96.0,70.0,Good,796.8000000000001
476,4.5,77.0,56.0,Needs Improvement,346.5
477,6.2,92.0,70.06347826086956,Good,570.4
478,5.6,95.0,60.0,Good,532.0
479,5.1,90.0,74.0,Good,458.99999999999994
480,7.2,76.0,67.0,Good,547.2
481,4.7,84.0,36.0,Needs Improvement,394.8
482,3.1,80.0,38.0,Needs Improvement,248.0
483,1.8,71.0,61.0,Good,127.8
484,5.4,83.0,77.0,Good,448.20000000000005
485,3.5,68.0,29.0,Needs Improvement,238.0
486,2.2,92.0,63.0,Good,202.4
487,3.7,75.0,62.0,Good,277.5
488,2.8,82.0,91.0,Excellent,229.6
489,8.4,83.0,64.0,Good,697.2
490,6.8,77.0,76.0,Good,523.6
491,5.0,86.0,72.0,Good,430.0
492,8.0,75.0,38.0,Needs Improvement,600.0
493,5.2,89.0,82.0,Excellent,462.8
494,3.3,67.0,73.0,Good,221.1
495,8.0,81.0,78.0,Good,648.0
496,6.1,99.0,70.06347826086956,Good,603.9
497,2.9,70.0,39.0,Needs Improvement,203.0
498,4.6,73.0,96.0,Excellent,335.79999999999995
499,3.2,85.0,66.0,Good,272.0
500,2.2,82.0,70.06347826086956,Good,180.4
501,6.9,84.0,69.0,Good,579.6
502,8.8,85.0,64.0,Good,748.0000000000001
503,2.2,86.0,61.0,Good,189.20000000000002
504,6.1,91.0,75.0,Good,555.1
505,3.7,84.0,47.0,Needs Improvement,310.8
506,4.0,78.0,81.0,Excellent,312.0
507,3.8,87.0,64.0,Good,330.59999999999997
508,3.3,99.0,53.0,Needs Improvement,326.7
509,5.1,79.0,63.0,Good,402.9
510,3.3,70.0,70.06347826086956,Good,231.0
511,5.5,91.0,62.0,Good,500.5
512,4.9,79.0,75.0,Good,387.1
513,4.5,58.0,70.06347826086956,Good,261.0
514,3.2,88.0,81.0,Excellent,281.6
515,3.8,75.0,80.0,Excellent,285.0
516,6.5,79.0,98.0,Excellent,513.5
517,6.0,83.0,67.0,Good,498.0
518,3.0,82.0,80.0,Excellent,246.0
519,5.2,87.0,71.0,Good,452.40000000000003
520,6.5,76.0,89.0,Excellent,494.0
521,1.7,85.0,59.0,Needs Improvement,144.5
522,6.1,77.0,81.0,Excellent,469.7
523,3.7,87.0,67.0,Good,321.90000000000003
524,6.1,86.0,69.0,Good,524.6
525,3.5,71.0,71.0,Good,248.5
526,1.4,91.0,74.0,Good,127.39999999999999
527,1.7,75.0,68.0,Good,127.5
528,5.1,88.0,73.0,Good,448.79999999999995
529,5.5,84.0,94.0,Excellent,462.0
530,3.2,98.0,85.0,Excellent,313.6
531,6.3,78.0,83.0,Excellent,491.4
532,1.7,77.0,63.0,Good,130.9
533,0.0,80.0,10.0,Needs Improvement,0.0
534,2.6,77.0,84.0,Excellent,200.20000000000002
535,3.7,88.0,83.0,Excellent,325.6
536,5.1,64.0,92.0,Excellent,326.4
537,3.3,69.0,61.0,Good,227.7
538,4.2,69.0,67.0,Good,289.8
539,7.0,90.0,45.0,Needs Improvement,630.0
540,3.8,97.0,64.0,Good,368.59999999999997
541,5.1,79.0,85.0,Excellent,402.9
542,2.7,78.0,63.0,Good,210.60000000000002
543,6.1,81.0,80.0,Excellent,494.09999999999997
544,7.9,92.0,67.0,Good,726.8000000000001
545,0.1,71.0,75.0,Good,7.1000000000000005
546,3.4,82.0,53.0,Needs Improvement,278.8
547,6.2,90.0,71.0,Good,558.0
548,4.6,85.0,25.0,Needs Improvement,390.99999999999994
549,5.7,82.0,67.0,Good,467.40000000000003
550,3.8,90.0,46.0,Needs Improvement,342.0
551,5.2,53.0,88.0,Excellent,275.6
552,4.7,87.0,82.0,Excellent,408.90000000000003
553,7.3,73.0,77.0,Good,532.9
554,5.5,62.0,93.0,Excellent,341.0
555,5.7,85.0,56.0,Needs Improvement,484.5
556,4.2,94.0,96.0,Excellent,394.8
557,4.0,79.0,84.0,Excellent,316.0
558,4.1,90.0,66.0,Good,368.99999999999994
559,5.8,96.0,87.0,Excellent,556.8
560,4.2,93.0,53.0,Needs Improvement,390.6
561,5.6,96.0,58.0,Needs Improvement,537.5999999999999
562,9.2,87.0,61.0,Good,800.4
563,6.7,81.0,70.06347826086956,Good,542.7
564,4.3,64.0,54.0,Needs Improvement,275.2
565,7.4,78.0,88.0,Excellent,577.2
566,4.2,72.0,66.0,Good,302.40000000000003
567,0.9,100.0,75.0,Good,90.0
568,3.0,78.0,61.0,Good,234.0
569,1.3,81.0,43.0,Needs Improvement,105.3
570,5.1,86.0,74.0,Good,438.59999999999997
571,5.1,80.0,41.0,Needs Improvement,408.0
572,8.4,97.0,69.0,Good,814.8000000000001
573,5.7,74.0,49.0,Needs Improvement,421.8
574,4.6,82.0,100.0,Excellent,377.2
575,6.7,73.0,84.0,Excellent,489.1
576,15.0,67.0,10.0,Needs Improvement,1005.0
577,5.5,74.0,89.0,Excellent,407.0
578,6.5,80.0,57.0,Needs Improvement,520.0
579,2.0,76.0,78.0,Good,152.0
580,7.3,73.0,73.0,Good,532.9
581,5.7,66.0,74.0,Good,376.2
582,4.2,79.0,89.0,Excellent,331.8
583,6.3,65.0,70.06347826086956,Good,409.5
584,9.5,88.0,74.0,Good,836.0
585,5.4,81.0,45.0,Needs Improvement,437.40000000000003
586,5.5,65.0,56.0,Needs Improvement,357.5
587,5.1,77.0,68.0,Good,392.7
588,3.3,72.0,71.0,Good,237.6
589,6.7,83.0,53.0,Needs Improvement,556.1
590,3.3,93.0,70.06347826086956,Good,306.9
591,5.1,61.0,93.0,Excellent,311.09999999999997
592,4.0,81.0,79.0,Good,324.0
593,6.0,78.0,71.0,Good,468.0
594,5.7,87.0,67.0,Good,495.90000000000003
595,7.1,82.0,56.0,Needs Improvement,582.1999999999999
596,4.0,72.0,71.0,Good,288.0
597,4.5,77.0,74.0,Good,346.5
598,3.0,72.0,51.0,Needs Improvement,216.0
599,4.1,91.0,75.0,Good,373.09999999999997
600,5.8,80.0,68.0,Good,464.0
601,6.5,99.0,70.06347826086956,Good,643.5
602,3.2,79.0,57.0,Needs Improvement,252.8
603,6.7,73.0,64.0,Good,489.1
604,7.7,65.0,98.0,Excellent,500.5
605,5.8,62.0,78.0,Good,359.59999999999997
606,5.1,64.0,50.0,Needs Improvement,326.4
607,3.5,83.0,77.0,Good,290.5
608,2.5,85.0,47.0,Needs Improvement,212.5
609,1.4,64.0,86.0,Excellent,89.6
610,8.0,89.0,63.0,Good,712.0
611,6.3,75.0,69.0,Good,472.5
612,4.9,81.0,90.0,Excellent,396.90000000000003
613,5.6,96.0,51.0,Needs Improvement,537.5999999999999
614,2.7,89.0,49.0,Needs Improvement,240.3
615,5.1,77.0,61.0,Good,392.7
616,5.3,71.0,86.0,Excellent,376.3
617,5.2,58.0,47.0,Needs Improvement,301.6
618,6.5,73.0,70.06347826086956,Good,474.5
619,15.0,78.0,20.0,Needs Improvement,1170.0
620,5.4,70.0,78.0,Good,378.0
621,3.4,79.0,88.0,Excellent,268.59999999999997
622,5.9,81.0,63.0,Good,477.90000000000003
623,5.1,78.0,64.0,Good,397.79999999999995
624,7.7,73.0,70.06347826086956,Good,562.1
625,8.2,82.0,70.06347826086956,Good,672.4
626,4.0,84.0,64.0,Good,336.0
627,3.0,69.0,73.0,Good,207.0
628,4.7,94.0,77.0,Good,441.8
629,5.1,79.0,62.0,Good,402.9
630,7.2,80.0,71.0,Good,576.0
631,1.6,87.0,33.0,Needs Improvement,139.20000000000002
632,8.1,82.0,60.0,Good,664.1999999999999
633,4.7,90.0,77.0,Good,423.0
634,4.1,83.0,55.0,Needs Improvement,340.29999999999995
635,5.1,74.0,71.0,Good,377.4
636,1.7,84.0,77.0,Good,142.79999999999998
637,5.1,69.0,65.0,Good,351.9
638,5.1,81.0,73.0,Good,413.09999999999997
639,2.4,80.0,56.0,Needs Improvement,192.0
640,2.4,78.0,67.0,Good,187.2
641,4.3,79.0,79.0,Good,339.7
642,8.3,61.0,72.0,Good,506.30000000000007
643,4.5,75.0,61.0,Good,337.5
644,2.0,81.0,73.0,Good,162.0
645,4.5,82.0,81.0,Excellent,369.0
646,4.5,70.0,39.0,Needs Improvement,315.0
647,0.0,93.0,87.0,Excellent,0.0
648,4.9,71.0,65.0,Good,347.90000000000003
649,4.5,90.0,76.0,Good,405.0
650,6.4,84.0,88.0,Excellent,537.6
651,8.7,74.0,49.0,Needs Improvement,643.8
652,7.3,98.0,59.0,Needs Improvement,715.4
653,4.5,68.0,66.0,Good,306.0
654,2.8,89.0,58.0,Needs Improvement,249.2
655,10.1,90.0,70.06347826086956,Good,909.0
656,5.1,73.0,57.0,Needs Improvement,372.29999999999995
657,5.0,94.0,62.0,Good,470.0
658,5.0,77.0,73.0,Good,385.0
659,5.4,83.0,52.0,Needs Improvement,448.20000000000005
660,4.7,83.0,64.0,Good,390.1
661,3.9,79.0,75.0,Good,308.09999999999997
662,3.9,88.0,65.0,Good,343.2
663,4.9,88.0,69.0,Good,431.20000000000005
664,5.1,63.0,62.0,Good,321.29999999999995
665,3.6,93.0,47.0,Needs Improvement,334.8
666,5.2,63.0,75.0,Good,327.6
667,4.5,90.0,96.0,Excellent,405.0
668,8.0,91.0,70.06347826086956,Good,728.0
669,0.0,69.0,73.0,Good,0.0
670,7.2,76.0,80.0,Excellent,547.2
671,7.5,69.0,51.0,Needs Improvement,517.5
672,0.9,78.0,96.0,Excellent,70.2
673,4.3,77.0,73.0,Good,331.09999999999997
674,4.3,88.0,94.0,Excellent,378.4
675,2.2,93.0,59.0,Needs Improvement,204.60000000000002
676,3.4,94.0,97.0,Excellent,319.59999999999997
677,2.8,74.0,82.0,Excellent,207.2
678,8.5,78.0,78.0,Good,663.0
679,6.9,63.0,74.0,Good,434.70000000000005
680,7.5,72.0,66.0,Good,540.0
681,6.4,90.0,88.0,Excellent,576.0
682,2.7,96.0,72.0,Good,259.20000000000005
683,4.0,68.0,40.0,Needs Improvement,272.0
684,6.0,74.0,53.0,Needs Improvement,444.0
685,2.6,80.0,67.0,Good,208.0
686,6.4,83.0,75.0,Good,531.2
687,4.5,72.0,69.0,Good,324.0
688,4.3,84.0,88.0,Excellent,361.2
689,6.4,75.0,41.0,Needs Improvement,480.0
690,5.9,80.0,72.0,Good,472.0
691,4.3,85.0,43.0,Needs Improvement,365.5
692,7.3,80.0,81.0,Excellent,584.0
693,2.8,76.0,69.0,Good,212.79999999999998
694,6.2,79.0,76.0,Good,489.8
695,6.2,79.0,57.0,Needs Improvement,489.8
696,4.4,76.0,89.0,Excellent,334.40000000000003
697,5.7,77.0,86.0,Excellent,438.90000000000003
698,2.5,96.0,79.0,Good,240.0
699,6.8,86.0,68.0,Good,584.8
700,4.6,77.0,79.0,Good,354.2
701,4.0,87.0,59.0,Needs Improvement,348.0
702,7.1,77.0,83.0,Excellent,546.6999999999999
703,3.6,92.0,95.0,Excellent,331.2
704,2.2,84.0,70.06347826086956,Good,184.8
705,1.9,79.0,59.0,Needs Improvement,150.1
706,6.2,84.0,75.0,Good,520.8000000000001
707,2.4,64.0,51.0,Needs Improvement,153.6
708,8.5,69.0,79.0,Good,586.5
709,0.8,68.0,77.0,Good,54.400000000000006
710,8.4,81.0,42.0,Needs Improvement,680.4
711,5.4,97.0,53.0,Needs Improvement,523.8000000000001
712,4.8,100.0,66.0,Good,480.0
713,3.9,86.0,65.0,Good,335.4
714,5.8,85.0,52.0,Needs Improvement,493.0
715,4.9,62.0,76.0,Good,303.8
716,7.2,75.0,74.0,Good,540.0
717,5.2,72.0,67.0,Good,374.40000000000003
718,5.3,74.0,59.0,Needs Improvement,392.2
719,4.3,78.0,86.0,Excellent,335.4
720,4.9,75.0,95.0,Excellent,367.5
721,5.6,60.0,63.0,Good,336.0
722,1.6,87.0,61.0,Good,139.20000000000002
723,2.3,69.0,77.0,Good,158.7
724,6.5,82.0,65.0,Good,533.0
725,5.3,100.0,68.0,Good,530.0
726,4.6,71.0,81.0,Excellent,326.59999999999997
727,5.0,55.0,41.0,Needs Improvement,275.0
728,5.7,77.0,90.0,Excellent,438.90000000000003
729,5.1,91.0,70.06347826086956,Good,464.09999999999997
730,3.4,100.0,64.0,Good,340.0
731,5.4,68.0,70.06347826086956,Good,367.20000000000005
732,3.0,85.0,69.0,Good,255.0
733,5.1,75.0,44.0,Needs Improvement,382.5
734,1.6,79.0,92.0,Excellent,126.4
735,7.1,100.0,71.0,Good,710.0
736,5.9,65.0,77.0,Good,383.5
737,5.5,83.0,84.0,Excellent,456.5
738,5.1,85.0,55.0,Needs Improvement,433.49999999999994
739,8.3,91.0,77.0,Good,755.3000000000001
740,7.0,81.0,66.0,Good,567.0
741,1.3,83.0,83.0,Excellent,107.9
742,2.4,76.0,38.0,Needs Improvement,182.4
743,3.8,83.0,69.0,Good,315.4
744,5.1,77.0,61.0,Good,392.7
745,6.0,86.0,76.0,Good,516.0
746,3.5,76.0,77.0,Good,266.0
747,5.4,84.0,59.0,Needs Improvement,453.6
748,3.5,80.0,59.0,Needs Improvement,280.0
749,3.8,91.0,68.0,Good,345.8
750,2.2,79.0,57.0,Needs Improvement,173.8
751,3.2,62.0,83.0,Excellent,198.4
752,2.3,93.0,64.0,Good,213.89999999999998
753,3.0,71.0,26.0,Needs Improvement,213.0
754,7.1,73.0,64.0,Good,518.3
755,3.1,74.0,54.0,Needs Improvement,229.4
756,10.3,94.0,46.0,Needs Improvement,968.2
757,6.0,59.0,51.0,Needs Improvement,354.0
758,5.4,100.0,72.0,Good,540.0
759,3.3,91.0,90.0,Excellent,300.3
760,6.4,82.0,75.0,Good,524.8000000000001
761,3.8,79.0,61.0,Good,300.2
762,5.2,83.0,77.0,Good,431.6
763,10.1,85.0,63.0,Good,858.5
764,4.8,86.0,60.0,Good,412.8
765,7.3,86.0,53.0,Needs Improvement,627.8
766,3.6,81.0,44.0,Needs Improvement,291.6
767,4.9,78.0,64.0,Good,382.20000000000005
768,8.5,78.0,72.0,Good,663.0
769,5.1,78.0,20.0,Needs Improvement,397.79999999999995
770,8.6,91.0,64.0,Good,782.6
771,6.4,86.0,56.0,Needs Improvement,550.4
772,3.9,51.0,79.0,Good,198.9
773,6.3,87.0,50.0,Needs Improvement,548.1
774,6.9,82.0,82.0,Excellent,565.8000000000001
775,6.2,80.0,55.0,Needs Improvement,496.0
776,1.9,76.0,59.0,Needs Improvement,144.4
777,5.1,91.0,48.0,Needs Improvement,464.09999999999997
778,4.5,89.0,70.06347826086956,Good,400.5
779,4.9,72.0,85.0,Excellent,352.8
780,6.2,84.0,78.0,Good,520.8000000000001
781,5.4,70.0,85.0,Excellent,378.0
782,2.3,66.0,78.0,Good,151.79999999999998
783,5.8,74.0,53.0,Needs Improvement,429.2
784,6.2,89.0,65.0,Good,551.8000000000001
785,6.1,90.0,70.06347826086956,Good,549.0
786,7.2,85.0,90.0,Excellent,612.0
787,6.7,87.0,52.0,Needs Improvement,582.9
788,5.9,85.0,83.0,Excellent,501.50000000000006
789,4.9,74.0,70.06347826086956,Good,362.6
790,1.7,84.0,97.0,Excellent,142.79999999999998
791,5.9,88.0,64.0,Good,519.2
792,5.4,88.0,81.0,Excellent,475.20000000000005
793,5.5,92.0,70.06347826086956,Good,506.0
794,2.4,87.0,61.0,Good,208.79999999999998
795,2.8,84.0,47.0,Needs Improvement,235.2
796,7.1,91.0,42.0,Needs Improvement,646.1
797,4.9,80.0,81.0,Excellent,392.0
798,6.4,71.0,42.0,Needs Improvement,454.40000000000003
799,5.1,78.0,70.06347826086956,Good,397.79999999999995
800,5.1,73.0,70.06347826086956,Good,372.29999999999995
801,6.9,73.0,73.0,Good,503.70000000000005
802,4.0,79.0,76.0,Good,316.0
803,5.2,72.0,73.0,Good,374.40000000000003
804,4.1,77.0,89.0,Excellent,315.7
805,4.1,61.0,56.0,Needs Improvement,250.09999999999997
806,4.4,82.0,60.0,Good,360.8
807,5.1,80.0,58.0,Needs Improvement,408.0
808,4.0,72.0,82.0,Excellent,288.0
809,7.5,87.0,84.0,Excellent,652.5
810,5.1,89.0,77.0,Good,453.9
811,4.6,64.0,88.0,Excellent,294.4
812,4.1,72.0,52.0,Needs Improvement,295.2
813,7.9,72.0,95.0,Excellent,568.8000000000001
814,5.4,71.0,93.0,Excellent,383.40000000000003
815,7.1,88.0,81.0,Excellent,624.8
816,2.0,78.0,97.0,Excellent,156.0
817,5.5,77.0,45.0,Needs Improvement,423.5
818,6.8,60.0,62.0,Good,408.0
819,5.2,86.0,59.0,Needs Improvement,447.2
820,7.1,68.0,81.0,Excellent,482.79999999999995
821,4.0,81.0,54.0,Needs Improvement,324.0
822,7.8,83.0,81.0,Excellent,647.4
823,9.6,94.0,91.0,Excellent,902.4
824,4.3,67.0,80.0,Excellent,288.09999999999997
825,4.1,50.0,74.0,Good,204.99999999999997
826,7.9,82.0,55.0,Needs Improvement,647.8000000000001
827,8.2,98.0,57.0,Needs Improvement,803.5999999999999
828,4.0,92.0,89.0,Excellent,368.0
829,4.2,82.0,82.0,Excellent,344.40000000000003
830,4.4,75.0,69.0,Good,330.0
831,2.3,88.0,64.0,Good,202.39999999999998
832,3.2,70.0,40.0,Needs Improvement,224.0
833,3.0,85.0,54.0,Needs Improvement,255.0
834,3.5,85.0,99.0,Excellent,297.5
835,4.9,91.0,51.0,Needs Improvement,445.90000000000003
836,5.5,100.0,73.0,Good,550.0
837,8.1,84.0,85.0,Excellent,680.4
838,3.0,75.0,51.0,Needs Improvement,225.0
839,7.0,80.0,73.0,Good,560.0
840,4.6,62.0,84.0,Excellent,285.2
841,4.9,73.0,70.0,Good,357.70000000000005
842,6.3,76.0,70.06347826086956,Good,478.8
843,2.8,75.0,45.0,Needs Improvement,210.0
844,5.8,82.0,86.0,Excellent,475.59999999999997
845,5.3,72.0,70.06347826086956,Good,381.59999999999997
846,6.0,91.0,82.0,Excellent,546.0
847,5.6,80.0,77.0,Good,448.0
848,9.9,80.0,59.0,Needs Improvement,792.0
849,3.7,77.0,70.06347826086956,Good,284.90000000000003
850,3.9,82.0,42.0,Needs Improvement,319.8
851,3.8,88.0,79.0,Good,334.4
852,3.9,71.0,74.0,Good,276.9
853,3.7,73.0,80.0,Excellent,270.1
854,7.4,77.0,86.0,Excellent,569.8000000000001
855,7.8,67.0,76.0,Good,522.6
856,3.9,72.0,72.0,Good,280.8
857,3.3,75.0,57.0,Needs Improvement,247.5
858,5.9,89.0,70.06347826086956,Good,525.1
859,3.9,83.0,88.0,Excellent,323.7
860,6.3,82.0,92.0,Excellent,516.6
861,5.4,89.0,66.0,Good,480.6
862,2.0,79.0,71.0,Good,158.0
863,8.1,84.0,56.0,Needs Improvement,680.4
864,5.1,79.0,88.0,Excellent,402.9
865,3.8,83.0,80.0,Excellent,315.4
866,4.2,74.0,70.06347826086956,Good,310.8
867,5.6,56.0,57.0,Needs Improvement,313.59999999999997
868,5.7,79.0,64.0,Good,450.3
869,6.3,94.0,73.0,Good,592.1999999999999
870,9.0,89.0,80.0,Excellent,801.0
871,4.6,90.0,67.0,Good,413.99999999999994
872,3.4,92.0,57.0,Needs Improvement,312.8
873,2.2,81.0,83.0,Excellent,178.20000000000002
874,3.5,82.0,81.0,Excellent,287.0
875,4.9,74.0,70.06347826086956,Good,362.6
876,8.6,77.0,90.0,Excellent,662.1999999999999
877,4.0,86.0,88.0,Excellent,344.0
878,5.4,92.0,72.0,Good,496.8
879,5.0,79.0,71.0,Good,395.0
880,7.4,75.0,70.06347826086956,Good,555.0
881,10.1,80.0,57.0,Needs Improvement,808.0
882,3.9,86.0,70.0,Good,335.4
883,4.0,66.0,38.0,Needs Improvement,264.0
884,7.1,57.0,83.0,Excellent,404.7
885,6.4,74.0,47.0,Needs Improvement,473.6
886,8.7,68.0,93.0,Excellent,591.5999999999999
887,6.2,75.0,65.0,Good,465.0
888,4.3,79.0,67.0,Good,339.7
889,6.2,75.0,61.0,Good,465.0
890,7.2,95.0,66.0,Good,684.0
891,6.6,83.0,91.0,Excellent,547.8
892,6.0,83.0,33.0,Needs Improvement,498.0
893,7.1,86.0,89.0,Excellent,610.6
894,7.3,69.0,75.0,Good,503.7
895,7.8,90.0,52.0,Needs Improvement,702.0
896,6.3,79.0,54.0,Needs Improvement,497.7
897,4.7,87.0,95.0,Excellent,408.90000000000003
898,5.3,69.0,56.0,Needs Improvement,365.7
899,7.4,64.0,53.0,Needs Improvement,473.6
900,3.4,88.0,87.0,Excellent,299.2
901,5.7,84.0,75.0,Good,478.8
902,4.2,71.0,56.0,Needs Improvement,298.2
903,5.1,71.0,73.0,Good,362.09999999999997
904,7.6,91.0,55.0,Needs Improvement,691.6
905,5.4,68.0,87.0,Excellent,367.20000000000005
906,5.1,96.0,86.0,Excellent,489.59999999999997
907,2.3,71.0,78.0,Good,163.29999999999998
908,5.1,86.0,75.0,Good,438.59999999999997
909,6.3,77.0,96.0,Excellent,485.09999999999997
910,9.3,86.0,70.0,Good,799.8000000000001
911,4.4,75.0,52.0,Needs Improvement,330.0
912,5.4,78.0,77.0,Good,421.20000000000005
913,5.5,80.0,70.06347826086956,Good,440.0
914,8.2,70.0,70.06347826086956,Good,574.0
915,4.8,87.0,70.06347826086956,Good,417.59999999999997
916,5.6,75.0,76.0,Good,420.0
917,6.2,78.0,69.0,Good,483.6
918,5.4,70.0,55.0,Needs Improvement,378.0
919,4.1,54.0,87.0,Excellent,221.39999999999998
920,5.4,78.0,70.06347826086956,Good,421.20000000000005
921,7.1,100.0,73.0,Good,710.0
922,15.0,88.0,10.0,Needs Improvement,1320.0
923,5.3,80.0,47.0,Needs Improvement,424.0
924,3.6,77.0,74.0,Good,277.2
925,7.4,80.0,87.0,Excellent,592.0
926,2.0,85.0,77.0,Good,170.0
927,3.9,68.0,70.06347826086956,Good,265.2
928,5.8,91.0,61.0,Good,527.8
929,8.1,87.0,54.0,Needs Improvement,704.6999999999999
930,4.9,87.0,83.0,Excellent,426.3
931,5.1,84.0,84.0,Excellent,428.4
932,8.8,80.0,47.0,Needs Improvement,704.0
933,2.1,87.0,94.0,Excellent,182.70000000000002
934,0.6,86.0,79.0,Good,51.6
935,5.9,76.0,91.0,Excellent,448.40000000000003
936,4.0,74.0,50.0,Needs Improvement,296.0
937,3.0,81.0,50.0,Needs Improvement,243.0
938,6.4,95.0,68.0,Good,608.0
939,5.5,68.0,78.0,Good,374.0
940,3.9,65.0,97.0,Excellent,253.5
941,2.4,82.0,81.0,Excellent,196.79999999999998
942,6.7,81.0,66.0,Good,542.7
943,6.3,82.0,55.0,Needs Improvement,516.6
944,4.8,82.0,88.0,Excellent,393.59999999999997
945,8.7,78.0,56.0,Needs Improvement,678.5999999999999
946,2.9,95.0,94.0,Excellent,275.5
947,1.9,64.0,66.0,Good,121.6
948,3.6,72.0,94.0,Excellent,259.2
949,4.9,79.0,80.0,Excellent,387.1
950,5.5,64.0,68.0,Good,352.0
951,4.5,78.0,62.0,Good,351.0
952,5.7,97.0,65.0,Good,552.9
953,2.5,80.0,76.0,Good,200.0
954,7.9,82.0,70.06347826086956,Good,647.8000000000001
955,4.8,67.0,61.0,Good,321.59999999999997
956,7.2,74.0,68.0,Good,532.8000000000001
957,5.7,76.0,71.0,Good,433.2
958,5.9,77.0,38.0,Needs Improvement,454.3
959,6.1,93.0,77.0,Good,567.3
960,5.9,86.0,55.0,Needs Improvement,507.40000000000003
961,6.3,69.0,70.06347826086956,Good,434.7
962,7.7,82.0,45.0,Needs Improvement,631.4
963,5.4,85.0,43.0,Needs Improvement,459.00000000000006
964,6.4,91.0,50.0,Needs Improvement,582.4
965,4.8,96.0,59.0,Needs Improvement,460.79999999999995
966,7.9,70.0,99.0,Excellent,553.0
967,3.6,72.0,70.06347826086956,Good,259.2
968,8.6,67.0,73.0,Good,576.1999999999999
969,4.9,78.0,76.0,Good,382.20000000000005
970,5.1,85.0,72.0,Good,433.49999999999994
971,5.3,90.0,69.0,Good,477.0
972,3.6,79.0,52.0,Needs Improvement,284.40000000000003
973,6.7,77.0,92.0,Excellent,515.9
974,3.7,82.0,97.0,Excellent,303.40000000000003
975,4.1,72.0,45.0,Needs Improvement,295.2
976,1.2,100.0,55.0,Needs Improvement,120.0
977,4.1,64.0,66.0,Good,262.4
978,5.1,82.0,56.0,Needs Improvement,418.2
979,1.8,100.0,78.0,Good,180.0
980,6.5,80.0,59.0,Needs Improvement,520.0
981,6.6,78.0,70.06347826086956,Good,514.8
982,5.9,76.0,88.0,Excellent,448.40000000000003
983,3.1,78.0,73.0,Good,241.8
984,4.9,94.0,85.0,Excellent,460.6
985,5.0,58.0,87.0,Excellent,290.0
986,2.7,95.0,62.0,Good,256.5
987,5.1,66.0,58.0,Needs Improvement,336.59999999999997
988,6.8,77.0,71.0,Good,523.6
989,4.6,76.0,83.0,Excellent,349.59999999999997
990,5.1,86.0,72.0,Good,438.59999999999997
991,5.4,64.0,46.0,Needs Improvement,345.6
992,0.9,85.0,58.0,Needs Improvement,76.5
993,4.5,100.0,69.0,Good,450.0
994,3.6,66.0,69.0,Good,237.6
995,3.0,82.0,100.0,Excellent,246.0
996,4.4,73.0,49.0,Needs Improvement,321.20000000000005
997,8.6,84.0,78.0,Good,722.4
998,6.3,80.0,92.0,Excellent,504.0
999,3.9,74.0,70.06347826086956,Good,288.59999999999997
1000,6.1,85.0,64.0,Good,518.5
1001,7.8,98.0,77.0,Good,764.4
1002,6.8,78.0,79.0,Good,530.4
1003,5.1,87.0,73.0,Good,443.7
1004,3.7,67.0,69.0,Good,247.9
1005,6.4,70.0,77.0,Good,448.0
1006,5.8,85.0,32.0,Needs Improvement,493.0
1007,6.8,95.0,80.0,Excellent,646.0
1008,6.3,84.0,72.0,Good,529.1999999999999
1009,7.1,77.0,67.0,Good,546.6999999999999
1010,3.9,80.0,70.06347826086956,Good,312.0
1011,7.6,67.0,60.0,Good,509.2
1012,5.4,86.0,64.0,Good,464.40000000000003
1013,9.2,89.0,100.0,Excellent,818.8
1014,3.6,75.0,58.0,Needs Improvement,270.0
1015,5.1,75.0,62.0,Good,382.5
1016,5.4,83.0,68.0,Good,448.20000000000005
1017,3.7,76.0,83.0,Excellent,281.2
1018,4.0,79.0,73.0,Good,316.0
1019,4.4,100.0,51.0,Needs Improvement,440.00000000000006
1020,5.8,78.0,62.0,Good,452.4
1021,6.0,76.0,61.0,Good,456.0
1022,3.9,74.0,69.0,Good,288.59999999999997
1023,5.0,87.0,76.0,Good,435.0
1024,9.3,78.0,76.0,Good,725.4000000000001
1025,8.5,74.0,43.0,Needs Improvement,629.0
1026,5.9,93.0,86.0,Excellent,548.7
1027,5.1,94.0,74.0,Good,479.4
1028,5.2,74.0,91.0,Excellent,384.8
1029,6.2,61.0,77.0,Good,378.2
1030,3.0,90.0,87.0,Excellent,270.0
1031,4.5,73.0,77.0,Good,328.5
1032,1.7,88.0,90.0,Excellent,149.6
1033,5.8,60.0,78.0,Good,348.0
1034,6.3,89.0,69.0,Good,560.6999999999999
1035,4.0,68.0,70.06347826086956,Good,272.0
1036,8.1,87.0,83.0,Excellent,704.6999999999999
1037,2.5,80.0,79.0,Good,200.0
1038,2.1,70.0,51.0,Needs Improvement,147.0
1039,5.4,76.0,51.0,Needs Improvement,410.40000000000003
1040,7.1,87.0,74.0,Good,617.6999999999999
1041,8.4,81.0,72.0,Good,680.4
1042,4.1,86.0,61.0,Good,352.59999999999997
1043,7.2,100.0,72.0,Good,720.0
1044,4.9,64.0,94.0,Excellent,313.6
1045,4.7,96.0,80.0,Excellent,451.20000000000005
1046,6.8,81.0,53.0,Needs Improvement,550.8
1047,6.3,71.0,68.0,Good,447.3
1048,1.8,67.0,70.06347826086956,Good,120.60000000000001
1049,8.0,78.0,64.0,Good,624.0
1050,7.8,89.0,64.0,Good,694.1999999999999
1051,3.7,79.0,63.0,Good,292.3
1052,5.8,95.0,51.0,Needs Improvement,551.0
1053,6.0,65.0,68.0,Good,390.0
1054,15.0,80.0,70.06347826086956,Good,1200.0
1055,3.9,67.0,26.0,Needs Improvement,261.3
1056,3.7,84.0,70.06347826086956,Good,310.8
1057,4.9,89.0,86.0,Excellent,436.1
1058,7.3,76.0,64.0,Good,554.8
1059,6.1,54.0,70.0,Good,329.4
1060,4.3,82.0,52.0,Needs Improvement,352.59999999999997
1061,6.5,84.0,95.0,Excellent,546.0
1062,0.0,84.0,98.0,Excellent,0.0
1063,7.3,92.0,70.06347826086956,Good,671.6
1064,1.5,69.0,85.0,Excellent,103.5
1065,4.3,87.0,73.0,Good,374.09999999999997
1066,2.8,92.0,50.0,Needs Improvement,257.59999999999997
1067,2.4,62.0,64.0,Good,148.79999999999998
1068,7.3,83.0,72.0,Good,605.9
1069,4.1,75.0,63.0,Good,307.5
1070,5.7,79.0,67.0,Good,450.3
1071,5.1,83.0,69.0,Good,423.29999999999995
1072,6.0,75.0,69.0,Good,450.0
1073,5.2,73.0,71.0,Good,379.6
1074,2.4,80.0,54.0,Needs Improvement,192.0
1075,7.0,69.0,59.0,Needs Improvement,483.0
1076,4.0,69.0,51.0,Needs Improvement,276.0
1077,1.9,87.0,85.0,Excellent,165.29999999999998
1078,4.1,69.0,38.0,Needs Improvement,282.9
1079,8.0,87.0,87.0,Excellent,696.0
1080,6.7,85.0,91.0,Excellent,569.5
1081,4.3,63.0,65.0,Good,270.9
1082,4.3,73.0,31.0,Needs Improvement,313.9
1083,4.4,92.0,65.0,Good,404.8
1084,9.2,70.0,69.0,Good,644.0
1085,5.8,75.0,55.0,Needs Improvement,435.0
1086,5.9,85.0,62.0,Good,501.50000000000006
1087,7.1,88.0,93.0,Excellent,624.8
1088,5.5,77.0,80.0,Excellent,423.5
1089,4.5,74.0,56.0,Needs Improvement,333.0
1090,0.5,94.0,20.0,Needs Improvement,47.0
1091,4.9,97.0,65.0,Good,475.3
1092,4.9,90.0,67.0,Good,441.00000000000006
1093,6.5,81.0,77.0,Good,526.5
1094,5.1,72.0,62.0,Good,367.2
1095,6.5,72.0,78.0,Good,468.0
1096,4.8,85.0,99.0,Excellent,408.0
1097,5.2,84.0,82.0,Excellent,436.8
1098,1.0,94.0,69.0,Good,94.0
1099,6.8,87.0,67.0,Good,591.6
1100,5.1,65.0,65.0,Good,331.5
1101,7.0,91.0,88.0,Excellent,637.0
1102,0.0,70.0,61.0,Good,0.0
1103,9.2,76.0,71.0,Good,699.1999999999999
1104,4.7,83.0,71.0,Good,390.1
1105,7.2,100.0,70.06347826086956,Good,720.0
1106,2.9,100.0,49.0,Needs Improvement,290.0
1107,6.2,86.0,75.0,Good,533.2
1108,2.9,78.0,69.0,Good,226.2
1109,3.8,85.0,78.0,Good,323.0
1110,8.8,89.0,62.0,Good,783.2
1111,4.6,77.0,88.0,Excellent,354.2
1112,5.4,98.0,57.0,Needs Improvement,529.2
1113,6.7,82.0,96.0,Excellent,549.4
1114,6.0,85.0,44.0,Needs Improvement,510.0
1115,5.3,87.0,77.0,Good,461.09999999999997
1116,5.7,84.0,77.0,Good,478.8
1117,9.8,88.0,58.0,Needs Improvement,862.4000000000001
1118,4.9,74.0,76.0,Good,362.6
1119,5.4,74.0,89.0,Excellent,399.6
1120,7.1,69.0,37.0,Needs Improvement,489.9
1121,7.2,84.0,78.0,Good,604.8000000000001
1122,7.4,88.0,33.0,Needs Improvement,651.2
1123,6.3,85.0,56.0,Needs Improvement,535.5
1124,2.7,97.0,94.0,Excellent,261.90000000000003
1125,8.3,80.0,61.0,Good,664.0
1126,2.7,87.0,52.0,Needs Improvement,234.9
1127,5.6,69.0,67.0,Good,386.4
1128,3.5,76.0,70.06347826086956,Good,266.0
1129,4.9,87.0,43.0,Needs Improvement,426.3
1130,5.7,88.0,54.0,Needs Improvement,501.6
1131,5.6,77.0,92.0,Excellent,431.2
1132,5.8,79.0,98.0,Excellent,458.2
1133,8.2,65.0,68.0,Good,533.0
1134,5.9,76.0,51.0,Needs Improvement,448.40000000000003
1135,4.5,89.0,70.06347826086956,Good,400.5
1136,6.9,86.0,94.0,Excellent,593.4
1137,7.4,85.0,80.0,Excellent,629.0
1138,2.5,80.0,58.0,Needs Improvement,200.0
1139,6.2,80.0,69.0,Good,496.0
1140,6.4,73.0,68.0,Good,467.20000000000005
1141,4.4,87.0,75.0,Good,382.8
1142,7.8,84.0,92.0,Excellent,655.1999999999999
1143,4.7,85.0,83.0,Excellent,399.5
1144,5.1,75.0,54.0,Needs Improvement,382.5
1145,4.7,58.0,91.0,Excellent,272.6
1146,5.0,91.0,75.0,Good,455.0
1147,2.8,75.0,80.0,Excellent,210.0
1148,2.1,71.0,92.0,Excellent,149.1
1149,8.2,87.0,53.0,Needs Improvement,713.4
1150,3.3,76.0,69.0,Good,250.79999999999998
1151,3.0,91.0,62.0,Good,273.0
1152,0.7,86.0,46.0,Needs Improvement,60.199999999999996
1153,3.7,87.0,70.06347826086956,Good,321.90000000000003
1154,2.4,66.0,70.06347826086956,Good,158.4
1155,8.3,92.0,42.0,Needs Improvement,763.6
1156,7.0,83.0,70.0,Good,581.0
1157,3.6,76.0,80.0,Excellent,273.6
1158,9.5,81.0,72.0,Good,769.5
1159,7.0,62.0,68.0,Good,434.0
1160,4.4,84.0,51.0,Needs Improvement,369.6
1161,0.0,70.0,73.0,Good,0.0
1162,9.6,66.0,59.0,Needs Improvement,633.6
1163,2.2,65.0,37.0,Needs Improvement,143.0
1164,1.7,91.0,88.0,Excellent,154.7
1165,7.0,74.0,84.0,Excellent,518.0
1166,9.9,95.0,71.0,Good,940.5
1167,7.8,75.0,73.0,Good,585.0
1168,6.1,63.0,86.0,Excellent,384.29999999999995
1169,6.2,69.0,73.0,Good,427.8
1170,6.7,92.0,84.0,Excellent,616.4
1171,6.5,78.0,66.0,Good,507.0
1172,5.1,75.0,90.0,Excellent,382.5
1173,5.2,82.0,75.0,Good,426.40000000000003
1174,4.9,85.0,73.0,Good,416.50000000000006
1175,3.5,91.0,51.0,Needs Improvement,318.5
1176,4.4,94.0,74.0,Good,413.6
1177,1.6,76.0,58.0,Needs Improvement,121.60000000000001
1178,4.8,67.0,60.0,Good,321.59999999999997
1179,3.0,76.0,58.0,Needs Improvement,228.0
1180,2.8,83.0,54.0,Needs Improvement,232.39999999999998
1181,5.4,70.0,70.06347826086956,Good,378.0
1182,7.8,70.0,90.0,Excellent,546.0
1183,6.8,83.0,99.0,Excellent,564.4
1184,1.9,80.0,52.0,Needs Improvement,152.0
1185,3.0,80.0,71.0,Good,240.0
1186,6.9,72.0,51.0,Needs Improvement,496.8
1187,3.0,78.0,60.0,Good,234.0
1188,4.6,71.0,56.0,Needs Improvement,326.59999999999997
1189,6.1,89.0,89.0,Excellent,542.9
1190,3.1,90.0,64.0,Good,279.0
1191,5.2,62.0,86.0,Excellent,322.40000000000003
1192,2.3,71.0,79.0,Good,163.29999999999998
1193,3.8,65.0,70.06347826086956,Good,247.0
1194,5.6,73.0,48.0,Needs Improvement,408.79999999999995
1195,1.8,79.0,89.0,Excellent,142.20000000000002
1196,5.9,66.0,87.0,Excellent,389.40000000000003
1197,5.0,71.0,55.0,Needs Improvement,355.0
1198,6.1,70.0,85.0,Excellent,427.0
1199,5.4,82.0,75.0,Good,442.8
1200,7.7,81.0,67.0,Good,623.7
